vit,./benchmarks/vit/onnx/pgd_2_3_16.onnx,./benchmarks/vit/vnnlib/pgd_2_3_16_4021.vnnlib,47.18671696,timeout,109.2464912
vit,./benchmarks/vit/onnx/pgd_2_3_16.onnx,./benchmarks/vit/vnnlib/pgd_2_3_16_9907.vnnlib,26.96575412,timeout,106.3446821
vit,./benchmarks/vit/onnx/pgd_2_3_16.onnx,./benchmarks/vit/vnnlib/pgd_2_3_16_7308.vnnlib,26.75018806,timeout,105.6601982
vit,./benchmarks/vit/onnx/pgd_2_3_16.onnx,./benchmarks/vit/vnnlib/pgd_2_3_16_3347.vnnlib,26.55816782,timeout,106.3024789
vit,./benchmarks/vit/onnx/pgd_2_3_16.onnx,./benchmarks/vit/vnnlib/pgd_2_3_16_1159.vnnlib,26.61685042,timeout,105.6878775
vit,./benchmarks/vit/onnx/pgd_2_3_16.onnx,./benchmarks/vit/vnnlib/pgd_2_3_16_7732.vnnlib,19.25698042,unsat,11.99713811
vit,./benchmarks/vit/onnx/pgd_2_3_16.onnx,./benchmarks/vit/vnnlib/pgd_2_3_16_7047.vnnlib,18.04805963,unsat,10.79773389
vit,./benchmarks/vit/onnx/pgd_2_3_16.onnx,./benchmarks/vit/vnnlib/pgd_2_3_16_9914.vnnlib,26.6206987,timeout,105.6585569
vit,./benchmarks/vit/onnx/pgd_2_3_16.onnx,./benchmarks/vit/vnnlib/pgd_2_3_16_388.vnnlib,26.69654629,timeout,106.2409471
vit,./benchmarks/vit/onnx/pgd_2_3_16.onnx,./benchmarks/vit/vnnlib/pgd_2_3_16_9371.vnnlib,27.0251338,timeout,106.636003
vit,./benchmarks/vit/onnx/pgd_2_3_16.onnx,./benchmarks/vit/vnnlib/pgd_2_3_16_566.vnnlib,18.47942328,unsat,11.23706402
vit,./benchmarks/vit/onnx/pgd_2_3_16.onnx,./benchmarks/vit/vnnlib/pgd_2_3_16_3727.vnnlib,18.03986387,unsat,10.82637127
vit,./benchmarks/vit/onnx/pgd_2_3_16.onnx,./benchmarks/vit/vnnlib/pgd_2_3_16_8722.vnnlib,26.73271946,timeout,105.5121355
vit,./benchmarks/vit/onnx/pgd_2_3_16.onnx,./benchmarks/vit/vnnlib/pgd_2_3_16_5954.vnnlib,26.71526735,timeout,105.6073743
vit,./benchmarks/vit/onnx/pgd_2_3_16.onnx,./benchmarks/vit/vnnlib/pgd_2_3_16_6470.vnnlib,26.98996952,timeout,106.1339555
vit,./benchmarks/vit/onnx/pgd_2_3_16.onnx,./benchmarks/vit/vnnlib/pgd_2_3_16_1190.vnnlib,21.2821293,unsat,14.00827144
vit,./benchmarks/vit/onnx/pgd_2_3_16.onnx,./benchmarks/vit/vnnlib/pgd_2_3_16_7196.vnnlib,17.64700069,unsat,10.42656306
vit,./benchmarks/vit/onnx/pgd_2_3_16.onnx,./benchmarks/vit/vnnlib/pgd_2_3_16_1436.vnnlib,26.80967166,timeout,105.9990022
vit,./benchmarks/vit/onnx/pgd_2_3_16.onnx,./benchmarks/vit/vnnlib/pgd_2_3_16_1871.vnnlib,26.73558492,unsat,19.69795839
vit,./benchmarks/vit/onnx/pgd_2_3_16.onnx,./benchmarks/vit/vnnlib/pgd_2_3_16_7328.vnnlib,26.60344944,timeout,106.0203729
vit,./benchmarks/vit/onnx/pgd_2_3_16.onnx,./benchmarks/vit/vnnlib/pgd_2_3_16_1210.vnnlib,26.56741932,timeout,106.5695585
vit,./benchmarks/vit/onnx/pgd_2_3_16.onnx,./benchmarks/vit/vnnlib/pgd_2_3_16_4671.vnnlib,26.84041053,timeout,105.4768516
vit,./benchmarks/vit/onnx/pgd_2_3_16.onnx,./benchmarks/vit/vnnlib/pgd_2_3_16_60.vnnlib,26.67806927,timeout,105.9314503
vit,./benchmarks/vit/onnx/pgd_2_3_16.onnx,./benchmarks/vit/vnnlib/pgd_2_3_16_1546.vnnlib,26.64157279,timeout,106.1163257
vit,./benchmarks/vit/onnx/pgd_2_3_16.onnx,./benchmarks/vit/vnnlib/pgd_2_3_16_3870.vnnlib,26.90954944,timeout,106.3366868
vit,./benchmarks/vit/onnx/pgd_2_3_16.onnx,./benchmarks/vit/vnnlib/pgd_2_3_16_8998.vnnlib,19.28282283,unsat,12.02345322
vit,./benchmarks/vit/onnx/pgd_2_3_16.onnx,./benchmarks/vit/vnnlib/pgd_2_3_16_3661.vnnlib,26.8921427,unsat,21.46269579
vit,./benchmarks/vit/onnx/pgd_2_3_16.onnx,./benchmarks/vit/vnnlib/pgd_2_3_16_6908.vnnlib,26.76061474,timeout,106.0219894
vit,./benchmarks/vit/onnx/pgd_2_3_16.onnx,./benchmarks/vit/vnnlib/pgd_2_3_16_9016.vnnlib,26.62057016,timeout,106.1225056
vit,./benchmarks/vit/onnx/pgd_2_3_16.onnx,./benchmarks/vit/vnnlib/pgd_2_3_16_1179.vnnlib,26.69096583,timeout,106.336542
vit,./benchmarks/vit/onnx/pgd_2_3_16.onnx,./benchmarks/vit/vnnlib/pgd_2_3_16_7022.vnnlib,26.7905904,timeout,106.353034
vit,./benchmarks/vit/onnx/pgd_2_3_16.onnx,./benchmarks/vit/vnnlib/pgd_2_3_16_7320.vnnlib,26.5111792,timeout,106.489713
vit,./benchmarks/vit/onnx/pgd_2_3_16.onnx,./benchmarks/vit/vnnlib/pgd_2_3_16_9202.vnnlib,17.62634719,unsat,10.40939325
vit,./benchmarks/vit/onnx/pgd_2_3_16.onnx,./benchmarks/vit/vnnlib/pgd_2_3_16_7396.vnnlib,19.69496774,unsat,12.42899952
vit,./benchmarks/vit/onnx/pgd_2_3_16.onnx,./benchmarks/vit/vnnlib/pgd_2_3_16_9531.vnnlib,26.543403,timeout,106.3695153
vit,./benchmarks/vit/onnx/pgd_2_3_16.onnx,./benchmarks/vit/vnnlib/pgd_2_3_16_1029.vnnlib,26.78551069,timeout,105.7001552
vit,./benchmarks/vit/onnx/pgd_2_3_16.onnx,./benchmarks/vit/vnnlib/pgd_2_3_16_7700.vnnlib,19.98395505,unsat,12.77302485
vit,./benchmarks/vit/onnx/pgd_2_3_16.onnx,./benchmarks/vit/vnnlib/pgd_2_3_16_9779.vnnlib,26.66351609,timeout,106.4681407
vit,./benchmarks/vit/onnx/pgd_2_3_16.onnx,./benchmarks/vit/vnnlib/pgd_2_3_16_5090.vnnlib,26.93657158,timeout,106.2126417
vit,./benchmarks/vit/onnx/pgd_2_3_16.onnx,./benchmarks/vit/vnnlib/pgd_2_3_16_2913.vnnlib,26.89141299,timeout,105.621767
vit,./benchmarks/vit/onnx/pgd_2_3_16.onnx,./benchmarks/vit/vnnlib/pgd_2_3_16_5693.vnnlib,26.80169178,timeout,105.6858016
vit,./benchmarks/vit/onnx/pgd_2_3_16.onnx,./benchmarks/vit/vnnlib/pgd_2_3_16_6749.vnnlib,26.67888951,timeout,105.7050041
vit,./benchmarks/vit/onnx/pgd_2_3_16.onnx,./benchmarks/vit/vnnlib/pgd_2_3_16_9145.vnnlib,26.96112651,timeout,106.1043192
vit,./benchmarks/vit/onnx/pgd_2_3_16.onnx,./benchmarks/vit/vnnlib/pgd_2_3_16_5339.vnnlib,26.86083105,timeout,105.7111117
vit,./benchmarks/vit/onnx/pgd_2_3_16.onnx,./benchmarks/vit/vnnlib/pgd_2_3_16_5927.vnnlib,26.67136442,timeout,106.2472291
vit,./benchmarks/vit/onnx/pgd_2_3_16.onnx,./benchmarks/vit/vnnlib/pgd_2_3_16_1264.vnnlib,26.59004478,timeout,106.2658815
vit,./benchmarks/vit/onnx/pgd_2_3_16.onnx,./benchmarks/vit/vnnlib/pgd_2_3_16_1683.vnnlib,26.61776186,timeout,105.483317
vit,./benchmarks/vit/onnx/pgd_2_3_16.onnx,./benchmarks/vit/vnnlib/pgd_2_3_16_5288.vnnlib,26.71669723,timeout,106.0738223
vit,./benchmarks/vit/onnx/pgd_2_3_16.onnx,./benchmarks/vit/vnnlib/pgd_2_3_16_5755.vnnlib,26.67686764,timeout,106.4969513
vit,./benchmarks/vit/onnx/pgd_2_3_16.onnx,./benchmarks/vit/vnnlib/pgd_2_3_16_6818.vnnlib,17.24580984,unsat,10.0167253
vit,./benchmarks/vit/onnx/pgd_2_3_16.onnx,./benchmarks/vit/vnnlib/pgd_2_3_16_5.vnnlib,25.66622387,unsat,22.5832161
vit,./benchmarks/vit/onnx/pgd_2_3_16.onnx,./benchmarks/vit/vnnlib/pgd_2_3_16_1656.vnnlib,26.55905909,timeout,105.9749316
vit,./benchmarks/vit/onnx/pgd_2_3_16.onnx,./benchmarks/vit/vnnlib/pgd_2_3_16_253.vnnlib,21.67291997,unsat,14.4330857
vit,./benchmarks/vit/onnx/pgd_2_3_16.onnx,./benchmarks/vit/vnnlib/pgd_2_3_16_2776.vnnlib,26.58713982,timeout,106.4742352
vit,./benchmarks/vit/onnx/pgd_2_3_16.onnx,./benchmarks/vit/vnnlib/pgd_2_3_16_5348.vnnlib,26.83477084,timeout,106.4861201
vit,./benchmarks/vit/onnx/pgd_2_3_16.onnx,./benchmarks/vit/vnnlib/pgd_2_3_16_4070.vnnlib,23.67556987,unsat,16.42239378
vit,./benchmarks/vit/onnx/pgd_2_3_16.onnx,./benchmarks/vit/vnnlib/pgd_2_3_16_8950.vnnlib,18.49106128,unsat,11.19901633
vit,./benchmarks/vit/onnx/pgd_2_3_16.onnx,./benchmarks/vit/vnnlib/pgd_2_3_16_1174.vnnlib,21.2835247,unsat,14.05476671
vit,./benchmarks/vit/onnx/pgd_2_3_16.onnx,./benchmarks/vit/vnnlib/pgd_2_3_16_6645.vnnlib,26.72397856,timeout,105.7841775
vit,./benchmarks/vit/onnx/pgd_2_3_16.onnx,./benchmarks/vit/vnnlib/pgd_2_3_16_1647.vnnlib,19.29814633,unsat,12.04360123
vit,./benchmarks/vit/onnx/pgd_2_3_16.onnx,./benchmarks/vit/vnnlib/pgd_2_3_16_8083.vnnlib,26.54051499,timeout,105.6779308
vit,./benchmarks/vit/onnx/pgd_2_3_16.onnx,./benchmarks/vit/vnnlib/pgd_2_3_16_9739.vnnlib,27.02162112,timeout,105.8636726
vit,./benchmarks/vit/onnx/pgd_2_3_16.onnx,./benchmarks/vit/vnnlib/pgd_2_3_16_6118.vnnlib,26.64441165,unsat,20.42241184
vit,./benchmarks/vit/onnx/pgd_2_3_16.onnx,./benchmarks/vit/vnnlib/pgd_2_3_16_1005.vnnlib,19.68670992,unsat,12.38759102
vit,./benchmarks/vit/onnx/pgd_2_3_16.onnx,./benchmarks/vit/vnnlib/pgd_2_3_16_7064.vnnlib,26.66767198,timeout,106.4847948
vit,./benchmarks/vit/onnx/pgd_2_3_16.onnx,./benchmarks/vit/vnnlib/pgd_2_3_16_75.vnnlib,26.71496427,timeout,106.2945267
vit,./benchmarks/vit/onnx/pgd_2_3_16.onnx,./benchmarks/vit/vnnlib/pgd_2_3_16_6999.vnnlib,19.42674823,unsat,12.04307743
vit,./benchmarks/vit/onnx/pgd_2_3_16.onnx,./benchmarks/vit/vnnlib/pgd_2_3_16_9811.vnnlib,20.48402715,unsat,13.20636574
vit,./benchmarks/vit/onnx/pgd_2_3_16.onnx,./benchmarks/vit/vnnlib/pgd_2_3_16_3527.vnnlib,27.23313927,timeout,106.5607595
vit,./benchmarks/vit/onnx/pgd_2_3_16.onnx,./benchmarks/vit/vnnlib/pgd_2_3_16_3775.vnnlib,26.82453361,unsat,30.24416962
vit,./benchmarks/vit/onnx/pgd_2_3_16.onnx,./benchmarks/vit/vnnlib/pgd_2_3_16_9470.vnnlib,17.25316641,unsat,10.01556635
vit,./benchmarks/vit/onnx/pgd_2_3_16.onnx,./benchmarks/vit/vnnlib/pgd_2_3_16_9106.vnnlib,26.58820286,timeout,105.5852865
vit,./benchmarks/vit/onnx/pgd_2_3_16.onnx,./benchmarks/vit/vnnlib/pgd_2_3_16_693.vnnlib,20.47803338,unsat,13.25600639
vit,./benchmarks/vit/onnx/pgd_2_3_16.onnx,./benchmarks/vit/vnnlib/pgd_2_3_16_4456.vnnlib,17.24446783,unsat,10.02552735
vit,./benchmarks/vit/onnx/pgd_2_3_16.onnx,./benchmarks/vit/vnnlib/pgd_2_3_16_8014.vnnlib,26.72960638,timeout,106.6484169
vit,./benchmarks/vit/onnx/pgd_2_3_16.onnx,./benchmarks/vit/vnnlib/pgd_2_3_16_5921.vnnlib,26.54912914,timeout,105.9428548
vit,./benchmarks/vit/onnx/pgd_2_3_16.onnx,./benchmarks/vit/vnnlib/pgd_2_3_16_5860.vnnlib,27.00003241,unsat,20.97646451
vit,./benchmarks/vit/onnx/pgd_2_3_16.onnx,./benchmarks/vit/vnnlib/pgd_2_3_16_6219.vnnlib,26.85331753,timeout,105.6223941
vit,./benchmarks/vit/onnx/pgd_2_3_16.onnx,./benchmarks/vit/vnnlib/pgd_2_3_16_5263.vnnlib,18.47802371,unsat,11.24629891
vit,./benchmarks/vit/onnx/pgd_2_3_16.onnx,./benchmarks/vit/vnnlib/pgd_2_3_16_5928.vnnlib,17.65959167,unsat,10.44784398
vit,./benchmarks/vit/onnx/pgd_2_3_16.onnx,./benchmarks/vit/vnnlib/pgd_2_3_16_9952.vnnlib,20.50204833,unsat,13.22182848
vit,./benchmarks/vit/onnx/pgd_2_3_16.onnx,./benchmarks/vit/vnnlib/pgd_2_3_16_9247.vnnlib,19.669671,unsat,12.42681934
vit,./benchmarks/vit/onnx/pgd_2_3_16.onnx,./benchmarks/vit/vnnlib/pgd_2_3_16_3175.vnnlib,20.49102081,unsat,13.2765319
vit,./benchmarks/vit/onnx/pgd_2_3_16.onnx,./benchmarks/vit/vnnlib/pgd_2_3_16_4778.vnnlib,18.88337279,unsat,11.63918093
vit,./benchmarks/vit/onnx/pgd_2_3_16.onnx,./benchmarks/vit/vnnlib/pgd_2_3_16_7844.vnnlib,17.21722233,unsat,10.01998256
vit,./benchmarks/vit/onnx/pgd_2_3_16.onnx,./benchmarks/vit/vnnlib/pgd_2_3_16_3547.vnnlib,26.65588963,timeout,105.8314894
vit,./benchmarks/vit/onnx/pgd_2_3_16.onnx,./benchmarks/vit/vnnlib/pgd_2_3_16_9187.vnnlib,19.66530588,unsat,12.4132471
vit,./benchmarks/vit/onnx/pgd_2_3_16.onnx,./benchmarks/vit/vnnlib/pgd_2_3_16_1201.vnnlib,18.0505841,unsat,10.83729774
vit,./benchmarks/vit/onnx/pgd_2_3_16.onnx,./benchmarks/vit/vnnlib/pgd_2_3_16_2666.vnnlib,19.24285923,unsat,12.00803607
vit,./benchmarks/vit/onnx/pgd_2_3_16.onnx,./benchmarks/vit/vnnlib/pgd_2_3_16_7274.vnnlib,26.60219602,timeout,106.3086755
vit,./benchmarks/vit/onnx/pgd_2_3_16.onnx,./benchmarks/vit/vnnlib/pgd_2_3_16_241.vnnlib,19.27591506,unsat,12.10556708
vit,./benchmarks/vit/onnx/pgd_2_3_16.onnx,./benchmarks/vit/vnnlib/pgd_2_3_16_9205.vnnlib,26.72776009,timeout,105.571049
vit,./benchmarks/vit/onnx/pgd_2_3_16.onnx,./benchmarks/vit/vnnlib/pgd_2_3_16_4789.vnnlib,26.67552669,timeout,106.1773554
vit,./benchmarks/vit/onnx/pgd_2_3_16.onnx,./benchmarks/vit/vnnlib/pgd_2_3_16_2152.vnnlib,26.5500379,timeout,105.8757285
vit,./benchmarks/vit/onnx/pgd_2_3_16.onnx,./benchmarks/vit/vnnlib/pgd_2_3_16_8709.vnnlib,26.57336691,timeout,105.8259518
vit,./benchmarks/vit/onnx/pgd_2_3_16.onnx,./benchmarks/vit/vnnlib/pgd_2_3_16_9689.vnnlib,26.63561743,timeout,106.4816216
vit,./benchmarks/vit/onnx/pgd_2_3_16.onnx,./benchmarks/vit/vnnlib/pgd_2_3_16_724.vnnlib,26.64416571,unsat,21.9712194
vit,./benchmarks/vit/onnx/pgd_2_3_16.onnx,./benchmarks/vit/vnnlib/pgd_2_3_16_8458.vnnlib,18.88346049,unsat,11.67091075
vit,./benchmarks/vit/onnx/pgd_2_3_16.onnx,./benchmarks/vit/vnnlib/pgd_2_3_16_2054.vnnlib,26.78482859,timeout,106.5660466
vit,./benchmarks/vit/onnx/pgd_2_3_16.onnx,./benchmarks/vit/vnnlib/pgd_2_3_16_985.vnnlib,18.93648982,unsat,11.61810176
vit,./benchmarks/vit/onnx/ibp_3_3_8.onnx,./benchmarks/vit/vnnlib/ibp_3_3_8_9119.vnnlib,16.27689913,timeout,25.1701993
vit,./benchmarks/vit/onnx/ibp_3_3_8.onnx,./benchmarks/vit/vnnlib/ibp_3_3_8_2351.vnnlib,16.19627379,timeout,25.38781804
vit,./benchmarks/vit/onnx/ibp_3_3_8.onnx,./benchmarks/vit/vnnlib/ibp_3_3_8_2675.vnnlib,16.23255654,timeout,25.21339087
vit,./benchmarks/vit/onnx/ibp_3_3_8.onnx,./benchmarks/vit/vnnlib/ibp_3_3_8_4879.vnnlib,16.19557997,timeout,25.22880873
vit,./benchmarks/vit/onnx/ibp_3_3_8.onnx,./benchmarks/vit/vnnlib/ibp_3_3_8_6025.vnnlib,16.21728616,timeout,25.25151151
vit,./benchmarks/vit/onnx/ibp_3_3_8.onnx,./benchmarks/vit/vnnlib/ibp_3_3_8_6263.vnnlib,16.20867878,unsat,28.4035998
vit,./benchmarks/vit/onnx/ibp_3_3_8.onnx,./benchmarks/vit/vnnlib/ibp_3_3_8_5233.vnnlib,16.2172085,timeout,25.4240441
vit,./benchmarks/vit/onnx/ibp_3_3_8.onnx,./benchmarks/vit/vnnlib/ibp_3_3_8_6948.vnnlib,16.23132307,unsat,22.88603538
vit,./benchmarks/vit/onnx/ibp_3_3_8.onnx,./benchmarks/vit/vnnlib/ibp_3_3_8_453.vnnlib,16.22790292,timeout,25.38739796
vit,./benchmarks/vit/onnx/ibp_3_3_8.onnx,./benchmarks/vit/vnnlib/ibp_3_3_8_1808.vnnlib,16.18518485,timeout,26.7825148
vit,./benchmarks/vit/onnx/ibp_3_3_8.onnx,./benchmarks/vit/vnnlib/ibp_3_3_8_2303.vnnlib,16.18438522,timeout,25.08861432
vit,./benchmarks/vit/onnx/ibp_3_3_8.onnx,./benchmarks/vit/vnnlib/ibp_3_3_8_9481.vnnlib,16.18760545,unsat,24.55035285
vit,./benchmarks/vit/onnx/ibp_3_3_8.onnx,./benchmarks/vit/vnnlib/ibp_3_3_8_6943.vnnlib,16.19724206,unsat,22.40033362
vit,./benchmarks/vit/onnx/ibp_3_3_8.onnx,./benchmarks/vit/vnnlib/ibp_3_3_8_7011.vnnlib,16.25667971,timeout,25.35648353
vit,./benchmarks/vit/onnx/ibp_3_3_8.onnx,./benchmarks/vit/vnnlib/ibp_3_3_8_9708.vnnlib,16.21468973,timeout,38.74835747
vit,./benchmarks/vit/onnx/ibp_3_3_8.onnx,./benchmarks/vit/vnnlib/ibp_3_3_8_580.vnnlib,16.20757642,timeout,25.26137216
vit,./benchmarks/vit/onnx/ibp_3_3_8.onnx,./benchmarks/vit/vnnlib/ibp_3_3_8_9430.vnnlib,16.24759867,timeout,25.23849943
vit,./benchmarks/vit/onnx/ibp_3_3_8.onnx,./benchmarks/vit/vnnlib/ibp_3_3_8_3375.vnnlib,16.23091074,timeout,25.15228055
vit,./benchmarks/vit/onnx/ibp_3_3_8.onnx,./benchmarks/vit/vnnlib/ibp_3_3_8_7986.vnnlib,16.21120762,timeout,25.42348918
vit,./benchmarks/vit/onnx/ibp_3_3_8.onnx,./benchmarks/vit/vnnlib/ibp_3_3_8_8863.vnnlib,16.23307243,unsat,20.71727477
vit,./benchmarks/vit/onnx/ibp_3_3_8.onnx,./benchmarks/vit/vnnlib/ibp_3_3_8_167.vnnlib,16.21955669,timeout,25.25604097
vit,./benchmarks/vit/onnx/ibp_3_3_8.onnx,./benchmarks/vit/vnnlib/ibp_3_3_8_7877.vnnlib,16.20642877,timeout,27.00777159
vit,./benchmarks/vit/onnx/ibp_3_3_8.onnx,./benchmarks/vit/vnnlib/ibp_3_3_8_4997.vnnlib,16.20391315,unsat,21.36341711
vit,./benchmarks/vit/onnx/ibp_3_3_8.onnx,./benchmarks/vit/vnnlib/ibp_3_3_8_4831.vnnlib,16.23733638,unsat,30.24812708
vit,./benchmarks/vit/onnx/ibp_3_3_8.onnx,./benchmarks/vit/vnnlib/ibp_3_3_8_4640.vnnlib,16.18640058,unsat,19.71052643
vit,./benchmarks/vit/onnx/ibp_3_3_8.onnx,./benchmarks/vit/vnnlib/ibp_3_3_8_1648.vnnlib,16.19946726,timeout,26.45565795
vit,./benchmarks/vit/onnx/ibp_3_3_8.onnx,./benchmarks/vit/vnnlib/ibp_3_3_8_1796.vnnlib,16.21556897,timeout,25.54435816
vit,./benchmarks/vit/onnx/ibp_3_3_8.onnx,./benchmarks/vit/vnnlib/ibp_3_3_8_4027.vnnlib,16.25318407,unsat,28.08561998
vit,./benchmarks/vit/onnx/ibp_3_3_8.onnx,./benchmarks/vit/vnnlib/ibp_3_3_8_7889.vnnlib,16.22487226,timeout,27.38233435
vit,./benchmarks/vit/onnx/ibp_3_3_8.onnx,./benchmarks/vit/vnnlib/ibp_3_3_8_9105.vnnlib,16.21235752,timeout,25.43705452
vit,./benchmarks/vit/onnx/ibp_3_3_8.onnx,./benchmarks/vit/vnnlib/ibp_3_3_8_4316.vnnlib,16.1900746,timeout,25.04174138
vit,./benchmarks/vit/onnx/ibp_3_3_8.onnx,./benchmarks/vit/vnnlib/ibp_3_3_8_4948.vnnlib,16.21708552,timeout,27.51223774
vit,./benchmarks/vit/onnx/ibp_3_3_8.onnx,./benchmarks/vit/vnnlib/ibp_3_3_8_5402.vnnlib,16.22128504,timeout,25.13323059
vit,./benchmarks/vit/onnx/ibp_3_3_8.onnx,./benchmarks/vit/vnnlib/ibp_3_3_8_3613.vnnlib,16.21969317,timeout,25.4253936
vit,./benchmarks/vit/onnx/ibp_3_3_8.onnx,./benchmarks/vit/vnnlib/ibp_3_3_8_1140.vnnlib,16.24235023,timeout,25.13701598
vit,./benchmarks/vit/onnx/ibp_3_3_8.onnx,./benchmarks/vit/vnnlib/ibp_3_3_8_971.vnnlib,16.21613754,timeout,25.15848816
vit,./benchmarks/vit/onnx/ibp_3_3_8.onnx,./benchmarks/vit/vnnlib/ibp_3_3_8_4703.vnnlib,16.1723779,unsat,19.75465231
vit,./benchmarks/vit/onnx/ibp_3_3_8.onnx,./benchmarks/vit/vnnlib/ibp_3_3_8_4974.vnnlib,16.18069376,timeout,25.21305708
vit,./benchmarks/vit/onnx/ibp_3_3_8.onnx,./benchmarks/vit/vnnlib/ibp_3_3_8_7894.vnnlib,16.18517505,timeout,25.38661714
vit,./benchmarks/vit/onnx/ibp_3_3_8.onnx,./benchmarks/vit/vnnlib/ibp_3_3_8_8386.vnnlib,16.19017261,timeout,25.42841679
vit,./benchmarks/vit/onnx/ibp_3_3_8.onnx,./benchmarks/vit/vnnlib/ibp_3_3_8_7227.vnnlib,16.22459897,timeout,25.25957646
vit,./benchmarks/vit/onnx/ibp_3_3_8.onnx,./benchmarks/vit/vnnlib/ibp_3_3_8_5251.vnnlib,16.25546074,timeout,25.18174634
vit,./benchmarks/vit/onnx/ibp_3_3_8.onnx,./benchmarks/vit/vnnlib/ibp_3_3_8_1973.vnnlib,16.23040129,unsat,23.9836173
vit,./benchmarks/vit/onnx/ibp_3_3_8.onnx,./benchmarks/vit/vnnlib/ibp_3_3_8_6091.vnnlib,16.2300777,timeout,25.28929009
vit,./benchmarks/vit/onnx/ibp_3_3_8.onnx,./benchmarks/vit/vnnlib/ibp_3_3_8_4199.vnnlib,16.20602204,timeout,25.07384063
vit,./benchmarks/vit/onnx/ibp_3_3_8.onnx,./benchmarks/vit/vnnlib/ibp_3_3_8_1666.vnnlib,16.2262033,timeout,25.21118859
vit,./benchmarks/vit/onnx/ibp_3_3_8.onnx,./benchmarks/vit/vnnlib/ibp_3_3_8_8783.vnnlib,16.22428657,unsat,23.08480878
vit,./benchmarks/vit/onnx/ibp_3_3_8.onnx,./benchmarks/vit/vnnlib/ibp_3_3_8_6027.vnnlib,16.30404824,timeout,25.21838353
vit,./benchmarks/vit/onnx/ibp_3_3_8.onnx,./benchmarks/vit/vnnlib/ibp_3_3_8_8025.vnnlib,16.17267599,timeout,26.80066623
vit,./benchmarks/vit/onnx/ibp_3_3_8.onnx,./benchmarks/vit/vnnlib/ibp_3_3_8_6096.vnnlib,16.19439311,unsat,29.09546608
vit,./benchmarks/vit/onnx/ibp_3_3_8.onnx,./benchmarks/vit/vnnlib/ibp_3_3_8_8694.vnnlib,16.19434247,timeout,25.29940504
vit,./benchmarks/vit/onnx/ibp_3_3_8.onnx,./benchmarks/vit/vnnlib/ibp_3_3_8_7116.vnnlib,16.19180879,timeout,27.79990937
vit,./benchmarks/vit/onnx/ibp_3_3_8.onnx,./benchmarks/vit/vnnlib/ibp_3_3_8_3692.vnnlib,16.19873016,timeout,25.22498456
vit,./benchmarks/vit/onnx/ibp_3_3_8.onnx,./benchmarks/vit/vnnlib/ibp_3_3_8_2339.vnnlib,16.20674559,unsat,23.9789202
vit,./benchmarks/vit/onnx/ibp_3_3_8.onnx,./benchmarks/vit/vnnlib/ibp_3_3_8_3105.vnnlib,16.41205668,timeout,25.05119856
vit,./benchmarks/vit/onnx/ibp_3_3_8.onnx,./benchmarks/vit/vnnlib/ibp_3_3_8_460.vnnlib,16.22803893,unsat,21.38441864
vit,./benchmarks/vit/onnx/ibp_3_3_8.onnx,./benchmarks/vit/vnnlib/ibp_3_3_8_1829.vnnlib,16.21894821,timeout,36.9883684
vit,./benchmarks/vit/onnx/ibp_3_3_8.onnx,./benchmarks/vit/vnnlib/ibp_3_3_8_828.vnnlib,16.2621387,unsat,25.00393669
vit,./benchmarks/vit/onnx/ibp_3_3_8.onnx,./benchmarks/vit/vnnlib/ibp_3_3_8_9687.vnnlib,16.23807482,timeout,25.38106043
vit,./benchmarks/vit/onnx/ibp_3_3_8.onnx,./benchmarks/vit/vnnlib/ibp_3_3_8_6300.vnnlib,16.2146837,timeout,25.02957726
vit,./benchmarks/vit/onnx/ibp_3_3_8.onnx,./benchmarks/vit/vnnlib/ibp_3_3_8_8591.vnnlib,16.23666754,timeout,25.21964376
vit,./benchmarks/vit/onnx/ibp_3_3_8.onnx,./benchmarks/vit/vnnlib/ibp_3_3_8_1266.vnnlib,16.23701572,timeout,25.33865586
vit,./benchmarks/vit/onnx/ibp_3_3_8.onnx,./benchmarks/vit/vnnlib/ibp_3_3_8_5342.vnnlib,16.22793948,unsat,22.18960015
vit,./benchmarks/vit/onnx/ibp_3_3_8.onnx,./benchmarks/vit/vnnlib/ibp_3_3_8_8137.vnnlib,16.22388275,timeout,25.28577865
vit,./benchmarks/vit/onnx/ibp_3_3_8.onnx,./benchmarks/vit/vnnlib/ibp_3_3_8_7157.vnnlib,16.20057149,timeout,25.15994582
vit,./benchmarks/vit/onnx/ibp_3_3_8.onnx,./benchmarks/vit/vnnlib/ibp_3_3_8_3683.vnnlib,16.23468528,unsat,22.18446446
vit,./benchmarks/vit/onnx/ibp_3_3_8.onnx,./benchmarks/vit/vnnlib/ibp_3_3_8_3131.vnnlib,16.20149353,timeout,25.19107101
vit,./benchmarks/vit/onnx/ibp_3_3_8.onnx,./benchmarks/vit/vnnlib/ibp_3_3_8_4065.vnnlib,16.20912035,timeout,25.3037558
vit,./benchmarks/vit/onnx/ibp_3_3_8.onnx,./benchmarks/vit/vnnlib/ibp_3_3_8_8445.vnnlib,16.25071486,timeout,27.15395675
vit,./benchmarks/vit/onnx/ibp_3_3_8.onnx,./benchmarks/vit/vnnlib/ibp_3_3_8_8748.vnnlib,16.21674046,timeout,27.22262267
vit,./benchmarks/vit/onnx/ibp_3_3_8.onnx,./benchmarks/vit/vnnlib/ibp_3_3_8_8916.vnnlib,16.2493424,timeout,25.14891001
vit,./benchmarks/vit/onnx/ibp_3_3_8.onnx,./benchmarks/vit/vnnlib/ibp_3_3_8_2949.vnnlib,16.2029544,timeout,26.4462668
vit,./benchmarks/vit/onnx/ibp_3_3_8.onnx,./benchmarks/vit/vnnlib/ibp_3_3_8_8918.vnnlib,16.21757275,unsat,28.89147906
vit,./benchmarks/vit/onnx/ibp_3_3_8.onnx,./benchmarks/vit/vnnlib/ibp_3_3_8_3266.vnnlib,16.22242811,timeout,25.2055174
vit,./benchmarks/vit/onnx/ibp_3_3_8.onnx,./benchmarks/vit/vnnlib/ibp_3_3_8_3031.vnnlib,16.20371442,timeout,25.03650889
vit,./benchmarks/vit/onnx/ibp_3_3_8.onnx,./benchmarks/vit/vnnlib/ibp_3_3_8_4846.vnnlib,16.21127479,unsat,21.38664713
vit,./benchmarks/vit/onnx/ibp_3_3_8.onnx,./benchmarks/vit/vnnlib/ibp_3_3_8_837.vnnlib,16.45071328,unsat,24.35192819
vit,./benchmarks/vit/onnx/ibp_3_3_8.onnx,./benchmarks/vit/vnnlib/ibp_3_3_8_4861.vnnlib,16.23696491,timeout,27.27024639
vit,./benchmarks/vit/onnx/ibp_3_3_8.onnx,./benchmarks/vit/vnnlib/ibp_3_3_8_7364.vnnlib,16.24107163,unsat,19.78309557
vit,./benchmarks/vit/onnx/ibp_3_3_8.onnx,./benchmarks/vit/vnnlib/ibp_3_3_8_4524.vnnlib,16.2262787,timeout,25.11131207
vit,./benchmarks/vit/onnx/ibp_3_3_8.onnx,./benchmarks/vit/vnnlib/ibp_3_3_8_1367.vnnlib,16.22563316,timeout,25.17527032
vit,./benchmarks/vit/onnx/ibp_3_3_8.onnx,./benchmarks/vit/vnnlib/ibp_3_3_8_8440.vnnlib,16.22268214,timeout,25.96813205
vit,./benchmarks/vit/onnx/ibp_3_3_8.onnx,./benchmarks/vit/vnnlib/ibp_3_3_8_9062.vnnlib,16.21656714,timeout,27.19718366
vit,./benchmarks/vit/onnx/ibp_3_3_8.onnx,./benchmarks/vit/vnnlib/ibp_3_3_8_9895.vnnlib,16.23075785,unsat,23.64293624
vit,./benchmarks/vit/onnx/ibp_3_3_8.onnx,./benchmarks/vit/vnnlib/ibp_3_3_8_8189.vnnlib,16.23567517,unsat,28.40883437
vit,./benchmarks/vit/onnx/ibp_3_3_8.onnx,./benchmarks/vit/vnnlib/ibp_3_3_8_4775.vnnlib,16.22955155,unsat,23.68143154
vit,./benchmarks/vit/onnx/ibp_3_3_8.onnx,./benchmarks/vit/vnnlib/ibp_3_3_8_8481.vnnlib,16.21317833,timeout,25.30036804
vit,./benchmarks/vit/onnx/ibp_3_3_8.onnx,./benchmarks/vit/vnnlib/ibp_3_3_8_2738.vnnlib,16.22840601,timeout,26.13347738
vit,./benchmarks/vit/onnx/ibp_3_3_8.onnx,./benchmarks/vit/vnnlib/ibp_3_3_8_6056.vnnlib,16.20770245,timeout,25.4920369
vit,./benchmarks/vit/onnx/ibp_3_3_8.onnx,./benchmarks/vit/vnnlib/ibp_3_3_8_4559.vnnlib,16.18542936,timeout,25.17380909
vit,./benchmarks/vit/onnx/ibp_3_3_8.onnx,./benchmarks/vit/vnnlib/ibp_3_3_8_1279.vnnlib,16.19045024,unsat,25.95558328
vit,./benchmarks/vit/onnx/ibp_3_3_8.onnx,./benchmarks/vit/vnnlib/ibp_3_3_8_1678.vnnlib,16.18898667,timeout,25.19181691
vit,./benchmarks/vit/onnx/ibp_3_3_8.onnx,./benchmarks/vit/vnnlib/ibp_3_3_8_5899.vnnlib,16.21674523,timeout,28.93179212
vit,./benchmarks/vit/onnx/ibp_3_3_8.onnx,./benchmarks/vit/vnnlib/ibp_3_3_8_6401.vnnlib,16.19135207,unsat,22.77555984
vit,./benchmarks/vit/onnx/ibp_3_3_8.onnx,./benchmarks/vit/vnnlib/ibp_3_3_8_3850.vnnlib,16.19548601,timeout,31.11640839
vit,./benchmarks/vit/onnx/ibp_3_3_8.onnx,./benchmarks/vit/vnnlib/ibp_3_3_8_9344.vnnlib,16.19717894,timeout,25.20897085
vit,./benchmarks/vit/onnx/ibp_3_3_8.onnx,./benchmarks/vit/vnnlib/ibp_3_3_8_260.vnnlib,16.19439407,timeout,25.12577433
vit,./benchmarks/vit/onnx/ibp_3_3_8.onnx,./benchmarks/vit/vnnlib/ibp_3_3_8_786.vnnlib,16.2087178,timeout,26.58885195
vit,./benchmarks/vit/onnx/ibp_3_3_8.onnx,./benchmarks/vit/vnnlib/ibp_3_3_8_2157.vnnlib,16.19432954,timeout,25.94428491
vit,./benchmarks/vit/onnx/ibp_3_3_8.onnx,./benchmarks/vit/vnnlib/ibp_3_3_8_8309.vnnlib,16.19260124,unsat,26.55596568
vit,./benchmarks/test/test_nano.onnx,./benchmarks/test/test_nano.vnnlib,11.97724456,unsat,4.865814845
